{"v":"5.5.6","fr":25,"ip":0,"op":93,"w":300,"h":202,"nm":"合成 5","ddd":0,"assets":[{"id":"comp_0","layers":[{"ddd":0,"ind":1,"ty":4,"nm":"“未标题-1”轮廓 5","sr":1,"ks":{"o":{"a":0,"k":100,"ix":11},"r":{"a":0,"k":288,"ix":10},"p":{"a":0,"k":[99.947,100.146,0],"ix":2},"a":{"a":0,"k":[375,1202.577,0],"ix":1},"s":{"a":0,"k":[2.137,2.137,100],"ix":6}},"ao":0,"shapes":[{"ty":"gr","it":[{"ind":0,"ty":"sh","ix":1,"ks":{"a":1,"k":[{"i":{"x":0.349,"y":0.349},"o":{"x":1,"y":0},"t":21,"s":[{"i":[[14.808,-23.767],[0,0],[-11.778,-21.455],[0,0],[-17.605,31.973],[0,0],[12.901,20.785],[0,0]],"o":[[0,0],[-12.942,20.773],[0,0],[17.565,31.995],[0,0],[11.8,-21.429],[0,0],[-14.767,-23.792]],"v":[[-31.568,-444.438],[5.889,-301.933],[4.004,-233.563],[5.123,-253.208],[10.22,-253.104],[6.124,-233.908],[4.341,-302.252],[32.616,-444.383]],"c":true}]},{"i":{"x":0.159,"y":1},"o":{"x":0.295,"y":0.295},"t":25,"s":[{"i":[[14.808,-23.767],[0,0],[-11.778,-21.455],[0,0],[-17.605,31.973],[0,0],[12.901,20.785],[0,0]],"o":[[0,0],[-12.942,20.773],[0,0],[17.565,31.995],[0,0],[11.8,-21.429],[0,0],[-14.767,-23.792]],"v":[[-31.568,-444.438],[-138.206,-120.106],[-140.091,-51.737],[-41.925,236.436],[39.202,236.488],[147.226,-51.821],[145.443,-120.165],[32.616,-444.383]],"c":true}]},{"t":30,"s":[{"i":[[14.808,-23.767],[0,0],[-11.778,-21.455],[0,0],[-17.605,31.973],[0,0],[12.901,20.785],[0,0]],"o":[[0,0],[-12.942,20.773],[0,0],[17.565,31.995],[0,0],[11.8,-21.429],[0,0],[-14.767,-23.792]],"v":[[-31.568,-444.438],[-272.602,-57.587],[-274.487,10.782],[-40.949,436.18],[40.178,436.232],[274.465,10.739],[272.682,-57.605],[32.616,-444.383]],"c":true}]}],"ix":2},"nm":"路径 1","mn":"ADBE Vector Shape - Group","hd":false},{"ty":"st","c":{"a":0,"k":[0,0,0,1],"ix":3},"o":{"a":0,"k":100,"ix":4},"w":{"a":0,"k":0,"ix":5},"lc":1,"lj":1,"ml":10,"bm":0,"nm":"描边 1","mn":"ADBE Vector Graphic - Stroke","hd":false},{"ty":"fl","c":{"a":0,"k":[1,1,1,1],"ix":4},"o":{"a":0,"k":100,"ix":5},"r":1,"bm":0,"nm":"填充 1","mn":"ADBE Vector Graphic - Fill","hd":false},{"ty":"tr","p":{"a":0,"k":[374.932,631.516],"ix":2},"a":{"a":0,"k":[0,0],"ix":1},"s":{"a":0,"k":[100,100],"ix":3},"r":{"a":0,"k":0,"ix":6},"o":{"a":0,"k":100,"ix":7},"sk":{"a":0,"k":0,"ix":4},"sa":{"a":0,"k":0,"ix":5},"nm":"变换"}],"nm":"组 1","np":3,"cix":2,"bm":0,"ix":1,"mn":"ADBE Vector Group","hd":false}],"ip":0,"op":75,"st":0,"bm":0},{"ddd":0,"ind":2,"ty":4,"nm":"“未标题-1”轮廓 4","sr":1,"ks":{"o":{"a":0,"k":100,"ix":11},"r":{"a":0,"k":216,"ix":10},"p":{"a":0,"k":[99.947,100.146,0],"ix":2},"a":{"a":0,"k":[375,1202.577,0],"ix":1},"s":{"a":0,"k":[2.137,2.137,100],"ix":6}},"ao":0,"shapes":[{"ty":"gr","it":[{"ind":0,"ty":"sh","ix":1,"ks":{"a":1,"k":[{"i":{"x":0.349,"y":0.349},"o":{"x":1,"y":0},"t":21,"s":[{"i":[[14.808,-23.767],[0,0],[-11.778,-21.455],[0,0],[-17.605,31.973],[0,0],[12.901,20.785],[0,0]],"o":[[0,0],[-12.942,20.773],[0,0],[17.565,31.995],[0,0],[11.8,-21.429],[0,0],[-14.767,-23.792]],"v":[[-31.568,-444.438],[5.889,-301.933],[4.004,-233.563],[5.123,-253.208],[10.22,-253.104],[6.124,-233.908],[4.341,-302.252],[32.616,-444.383]],"c":true}]},{"i":{"x":0.159,"y":1},"o":{"x":0.295,"y":0.295},"t":25,"s":[{"i":[[14.808,-23.767],[0,0],[-11.778,-21.455],[0,0],[-17.605,31.973],[0,0],[12.901,20.785],[0,0]],"o":[[0,0],[-12.942,20.773],[0,0],[17.565,31.995],[0,0],[11.8,-21.429],[0,0],[-14.767,-23.792]],"v":[[-31.568,-444.438],[-138.206,-120.106],[-140.091,-51.737],[-41.925,236.436],[39.202,236.488],[147.226,-51.821],[145.443,-120.165],[32.616,-444.383]],"c":true}]},{"t":30,"s":[{"i":[[14.808,-23.767],[0,0],[-11.778,-21.455],[0,0],[-17.605,31.973],[0,0],[12.901,20.785],[0,0]],"o":[[0,0],[-12.942,20.773],[0,0],[17.565,31.995],[0,0],[11.8,-21.429],[0,0],[-14.767,-23.792]],"v":[[-31.568,-444.438],[-272.602,-57.587],[-274.487,10.782],[-40.949,436.18],[40.178,436.232],[274.465,10.739],[272.682,-57.605],[32.616,-444.383]],"c":true}]}],"ix":2},"nm":"路径 1","mn":"ADBE Vector Shape - Group","hd":false},{"ty":"st","c":{"a":0,"k":[0,0,0,1],"ix":3},"o":{"a":0,"k":100,"ix":4},"w":{"a":0,"k":0,"ix":5},"lc":1,"lj":1,"ml":10,"bm":0,"nm":"描边 1","mn":"ADBE Vector Graphic - Stroke","hd":false},{"ty":"fl","c":{"a":0,"k":[1,1,1,1],"ix":4},"o":{"a":0,"k":100,"ix":5},"r":1,"bm":0,"nm":"填充 1","mn":"ADBE Vector Graphic - Fill","hd":false},{"ty":"tr","p":{"a":0,"k":[374.932,631.516],"ix":2},"a":{"a":0,"k":[0,0],"ix":1},"s":{"a":0,"k":[100,100],"ix":3},"r":{"a":0,"k":0,"ix":6},"o":{"a":0,"k":100,"ix":7},"sk":{"a":0,"k":0,"ix":4},"sa":{"a":0,"k":0,"ix":5},"nm":"变换"}],"nm":"组 1","np":3,"cix":2,"bm":0,"ix":1,"mn":"ADBE Vector Group","hd":false}],"ip":0,"op":75,"st":0,"bm":0},{"ddd":0,"ind":3,"ty":4,"nm":"“未标题-1”轮廓 3","sr":1,"ks":{"o":{"a":0,"k":100,"ix":11},"r":{"a":0,"k":144,"ix":10},"p":{"a":0,"k":[99.947,100.146,0],"ix":2},"a":{"a":0,"k":[375,1202.577,0],"ix":1},"s":{"a":0,"k":[2.137,2.137,100],"ix":6}},"ao":0,"shapes":[{"ty":"gr","it":[{"ind":0,"ty":"sh","ix":1,"ks":{"a":1,"k":[{"i":{"x":0.349,"y":0.349},"o":{"x":1,"y":0},"t":21,"s":[{"i":[[14.808,-23.767],[0,0],[-11.778,-21.455],[0,0],[-17.605,31.973],[0,0],[12.901,20.785],[0,0]],"o":[[0,0],[-12.942,20.773],[0,0],[17.565,31.995],[0,0],[11.8,-21.429],[0,0],[-14.767,-23.792]],"v":[[-31.568,-444.438],[5.889,-301.933],[4.004,-233.563],[5.123,-253.208],[10.22,-253.104],[6.124,-233.908],[4.341,-302.252],[32.616,-444.383]],"c":true}]},{"i":{"x":0.159,"y":1},"o":{"x":0.295,"y":0.295},"t":25,"s":[{"i":[[14.808,-23.767],[0,0],[-11.778,-21.455],[0,0],[-17.605,31.973],[0,0],[12.901,20.785],[0,0]],"o":[[0,0],[-12.942,20.773],[0,0],[17.565,31.995],[0,0],[11.8,-21.429],[0,0],[-14.767,-23.792]],"v":[[-31.568,-444.438],[-138.206,-120.106],[-140.091,-51.737],[-41.925,236.436],[39.202,236.488],[147.226,-51.821],[145.443,-120.165],[32.616,-444.383]],"c":true}]},{"t":30,"s":[{"i":[[14.808,-23.767],[0,0],[-11.778,-21.455],[0,0],[-17.605,31.973],[0,0],[12.901,20.785],[0,0]],"o":[[0,0],[-12.942,20.773],[0,0],[17.565,31.995],[0,0],[11.8,-21.429],[0,0],[-14.767,-23.792]],"v":[[-31.568,-444.438],[-272.602,-57.587],[-274.487,10.782],[-40.949,436.18],[40.178,436.232],[274.465,10.739],[272.682,-57.605],[32.616,-444.383]],"c":true}]}],"ix":2},"nm":"路径 1","mn":"ADBE Vector Shape - Group","hd":false},{"ty":"st","c":{"a":0,"k":[0,0,0,1],"ix":3},"o":{"a":0,"k":100,"ix":4},"w":{"a":0,"k":0,"ix":5},"lc":1,"lj":1,"ml":10,"bm":0,"nm":"描边 1","mn":"ADBE Vector Graphic - Stroke","hd":false},{"ty":"fl","c":{"a":0,"k":[1,1,1,1],"ix":4},"o":{"a":0,"k":100,"ix":5},"r":1,"bm":0,"nm":"填充 1","mn":"ADBE Vector Graphic - Fill","hd":false},{"ty":"tr","p":{"a":0,"k":[374.932,631.516],"ix":2},"a":{"a":0,"k":[0,0],"ix":1},"s":{"a":0,"k":[100,100],"ix":3},"r":{"a":0,"k":0,"ix":6},"o":{"a":0,"k":100,"ix":7},"sk":{"a":0,"k":0,"ix":4},"sa":{"a":0,"k":0,"ix":5},"nm":"变换"}],"nm":"组 1","np":3,"cix":2,"bm":0,"ix":1,"mn":"ADBE Vector Group","hd":false}],"ip":0,"op":75,"st":0,"bm":0},{"ddd":0,"ind":4,"ty":4,"nm":"“未标题-1”轮廓 2","sr":1,"ks":{"o":{"a":0,"k":100,"ix":11},"r":{"a":0,"k":72,"ix":10},"p":{"a":0,"k":[99.947,100.146,0],"ix":2},"a":{"a":0,"k":[375,1202.577,0],"ix":1},"s":{"a":0,"k":[2.137,2.137,100],"ix":6}},"ao":0,"shapes":[{"ty":"gr","it":[{"ind":0,"ty":"sh","ix":1,"ks":{"a":1,"k":[{"i":{"x":0.349,"y":0.349},"o":{"x":1,"y":0},"t":21,"s":[{"i":[[14.808,-23.767],[0,0],[-11.778,-21.455],[0,0],[-17.605,31.973],[0,0],[12.901,20.785],[0,0]],"o":[[0,0],[-12.942,20.773],[0,0],[17.565,31.995],[0,0],[11.8,-21.429],[0,0],[-14.767,-23.792]],"v":[[-31.568,-444.438],[5.889,-301.933],[4.004,-233.563],[5.123,-253.208],[10.22,-253.104],[6.124,-233.908],[4.341,-302.252],[32.616,-444.383]],"c":true}]},{"i":{"x":0.159,"y":1},"o":{"x":0.295,"y":0.295},"t":25,"s":[{"i":[[14.808,-23.767],[0,0],[-11.778,-21.455],[0,0],[-17.605,31.973],[0,0],[12.901,20.785],[0,0]],"o":[[0,0],[-12.942,20.773],[0,0],[17.565,31.995],[0,0],[11.8,-21.429],[0,0],[-14.767,-23.792]],"v":[[-31.568,-444.438],[-138.206,-120.106],[-140.091,-51.737],[-41.925,236.436],[39.202,236.488],[147.226,-51.821],[145.443,-120.165],[32.616,-444.383]],"c":true}]},{"t":30,"s":[{"i":[[14.808,-23.767],[0,0],[-11.778,-21.455],[0,0],[-17.605,31.973],[0,0],[12.901,20.785],[0,0]],"o":[[0,0],[-12.942,20.773],[0,0],[17.565,31.995],[0,0],[11.8,-21.429],[0,0],[-14.767,-23.792]],"v":[[-31.568,-444.438],[-272.602,-57.587],[-274.487,10.782],[-40.949,436.18],[40.178,436.232],[274.465,10.739],[272.682,-57.605],[32.616,-444.383]],"c":true}]}],"ix":2},"nm":"路径 1","mn":"ADBE Vector Shape - Group","hd":false},{"ty":"st","c":{"a":0,"k":[0,0,0,1],"ix":3},"o":{"a":0,"k":100,"ix":4},"w":{"a":0,"k":0,"ix":5},"lc":1,"lj":1,"ml":10,"bm":0,"nm":"描边 1","mn":"ADBE Vector Graphic - Stroke","hd":false},{"ty":"fl","c":{"a":0,"k":[1,1,1,1],"ix":4},"o":{"a":0,"k":100,"ix":5},"r":1,"bm":0,"nm":"填充 1","mn":"ADBE Vector Graphic - Fill","hd":false},{"ty":"tr","p":{"a":0,"k":[374.932,631.516],"ix":2},"a":{"a":0,"k":[0,0],"ix":1},"s":{"a":0,"k":[100,100],"ix":3},"r":{"a":0,"k":0,"ix":6},"o":{"a":0,"k":100,"ix":7},"sk":{"a":0,"k":0,"ix":4},"sa":{"a":0,"k":0,"ix":5},"nm":"变换"}],"nm":"组 1","np":3,"cix":2,"bm":0,"ix":1,"mn":"ADBE Vector Group","hd":false}],"ip":0,"op":75,"st":0,"bm":0},{"ddd":0,"ind":5,"ty":4,"nm":"“未标题-1”轮廓","sr":1,"ks":{"o":{"a":0,"k":100,"ix":11},"r":{"a":0,"k":0,"ix":10},"p":{"a":0,"k":[99.947,100.146,0],"ix":2},"a":{"a":0,"k":[375,1202.577,0],"ix":1},"s":{"a":0,"k":[2.137,2.137,100],"ix":6}},"ao":0,"shapes":[{"ty":"gr","it":[{"ind":0,"ty":"sh","ix":1,"ks":{"a":1,"k":[{"i":{"x":0.349,"y":0.349},"o":{"x":1,"y":0},"t":21,"s":[{"i":[[14.808,-23.767],[0,0],[-11.778,-21.455],[0,0],[-17.605,31.973],[0,0],[12.901,20.785],[0,0]],"o":[[0,0],[-12.942,20.773],[0,0],[17.565,31.995],[0,0],[11.8,-21.429],[0,0],[-14.767,-23.792]],"v":[[-31.568,-444.438],[5.889,-301.933],[4.004,-233.563],[5.123,-253.208],[10.22,-253.104],[6.124,-233.908],[4.341,-302.252],[32.616,-444.383]],"c":true}]},{"i":{"x":0.159,"y":1},"o":{"x":0.295,"y":0.295},"t":25,"s":[{"i":[[14.808,-23.767],[0,0],[-11.778,-21.455],[0,0],[-17.605,31.973],[0,0],[12.901,20.785],[0,0]],"o":[[0,0],[-12.942,20.773],[0,0],[17.565,31.995],[0,0],[11.8,-21.429],[0,0],[-14.767,-23.792]],"v":[[-31.568,-444.438],[-138.206,-120.106],[-140.091,-51.737],[-41.925,236.436],[39.202,236.488],[147.226,-51.821],[145.443,-120.165],[32.616,-444.383]],"c":true}]},{"t":30,"s":[{"i":[[14.808,-23.767],[0,0],[-11.778,-21.455],[0,0],[-17.605,31.973],[0,0],[12.901,20.785],[0,0]],"o":[[0,0],[-12.942,20.773],[0,0],[17.565,31.995],[0,0],[11.8,-21.429],[0,0],[-14.767,-23.792]],"v":[[-31.568,-444.438],[-272.602,-57.587],[-274.487,10.782],[-40.949,436.18],[40.178,436.232],[274.465,10.739],[272.682,-57.605],[32.616,-444.383]],"c":true}]}],"ix":2},"nm":"路径 1","mn":"ADBE Vector Shape - Group","hd":false},{"ty":"st","c":{"a":0,"k":[0,0,0,1],"ix":3},"o":{"a":0,"k":100,"ix":4},"w":{"a":0,"k":0,"ix":5},"lc":1,"lj":1,"ml":10,"bm":0,"nm":"描边 1","mn":"ADBE Vector Graphic - Stroke","hd":false},{"ty":"fl","c":{"a":0,"k":[1,1,1,1],"ix":4},"o":{"a":0,"k":100,"ix":5},"r":1,"bm":0,"nm":"填充 1","mn":"ADBE Vector Graphic - Fill","hd":false},{"ty":"tr","p":{"a":0,"k":[374.932,631.516],"ix":2},"a":{"a":0,"k":[0,0],"ix":1},"s":{"a":0,"k":[100,100],"ix":3},"r":{"a":0,"k":0,"ix":6},"o":{"a":0,"k":100,"ix":7},"sk":{"a":0,"k":0,"ix":4},"sa":{"a":0,"k":0,"ix":5},"nm":"变换"}],"nm":"组 1","np":3,"cix":2,"bm":0,"ix":1,"mn":"ADBE Vector Group","hd":false}],"ip":0,"op":75,"st":0,"bm":0}]}],"layers":[{"ddd":0,"ind":1,"ty":0,"nm":"“未标题-1”轮廓 合成 1","td":1,"refId":"comp_0","sr":1,"ks":{"o":{"a":0,"k":100,"ix":11},"r":{"a":1,"k":[{"i":{"x":[0.667],"y":[1]},"o":{"x":[0.333],"y":[0]},"t":21,"s":[0]},{"t":68,"s":[870]}],"ix":10},"p":{"a":0,"k":[151,140,0],"ix":2},"a":{"a":0,"k":[100,100,0],"ix":1},"s":{"a":0,"k":[100,100,100],"ix":6}},"ao":0,"w":200,"h":200,"ip":0,"op":75,"st":0,"bm":0},{"ddd":0,"ind":2,"ty":4,"nm":"形状图层 2","tt":2,"sr":1,"ks":{"o":{"a":0,"k":100,"ix":11},"r":{"a":0,"k":720,"ix":10},"p":{"a":0,"k":[150.959,140.006,0],"ix":2},"a":{"a":0,"k":[0,0,0],"ix":1},"s":{"a":1,"k":[{"i":{"x":[0.833,0.833,0.833],"y":[0.833,0.833,0.833]},"o":{"x":[0.167,0.167,0.167],"y":[0.167,0.167,0.167]},"t":28,"s":[100,100,100]},{"i":{"x":[0.833,0.833,0.833],"y":[0.833,0.833,0.833]},"o":{"x":[0.167,0.167,0.167],"y":[0.167,0.167,0.167]},"t":32,"s":[80,80,100]},{"t":36,"s":[100,100,100]}],"ix":6,"x":"var $bm_rt;\nvar freq, decay, n, n, t, amp, w;\nfreq = 3;\ndecay = 5;\n$bm_rt = n = 0;\nif (numKeys > 0) {\n    $bm_rt = n = nearestKey(time).index;\n    if (key(n).time > time)\n        n--;\n}\nif (n > 0) {\n    t = $bm_sub(time, key(n).time);\n    amp = velocityAtTime($bm_sub(key(n).time, 0.001));\n    w = $bm_mul($bm_mul(freq, Math.PI), 2);\n    $bm_rt = $bm_sum(value, $bm_mul(amp, $bm_div($bm_div(Math.sin($bm_mul(t, w)), Math.exp($bm_mul(decay, t))), w)));\n} else\n    $bm_rt = value;"}},"ao":0,"shapes":[{"ty":"gr","it":[{"d":1,"ty":"el","s":{"a":1,"k":[{"i":{"x":[0.833,0.833],"y":[0.833,0.833]},"o":{"x":[0.167,0.167],"y":[0.167,0.167]},"t":22,"s":[0,0]},{"i":{"x":[0.833,0.833],"y":[0.833,0.833]},"o":{"x":[0.167,0.167],"y":[0.167,0.167]},"t":27,"s":[36,36]},{"i":{"x":[0.833,0.833],"y":[0.833,0.833]},"o":{"x":[0.167,0.167],"y":[0.167,0.167]},"t":69,"s":[36,36]},{"t":74,"s":[0,0]}],"ix":2},"p":{"a":0,"k":[0,0],"ix":3},"nm":"椭圆路径 1","mn":"ADBE Vector Shape - Ellipse","hd":false},{"ty":"st","c":{"a":0,"k":[0.032105999367,0.475399002374,0.964521998985,1],"ix":3},"o":{"a":0,"k":100,"ix":4},"w":{"a":0,"k":0,"ix":5},"lc":1,"lj":1,"ml":4,"bm":0,"nm":"描边 1","mn":"ADBE Vector Graphic - Stroke","hd":false},{"ty":"fl","c":{"a":0,"k":[0.145098045468,0.509803950787,0.917647063732,1],"ix":4},"o":{"a":0,"k":100,"ix":5},"r":1,"bm":0,"nm":"填充 1","mn":"ADBE Vector Graphic - Fill","hd":false},{"ty":"tr","p":{"a":0,"k":[0.104,-0.006],"ix":2},"a":{"a":0,"k":[0,0],"ix":1},"s":{"a":0,"k":[100,100],"ix":3},"r":{"a":0,"k":0,"ix":6},"o":{"a":0,"k":100,"ix":7},"sk":{"a":0,"k":0,"ix":4},"sa":{"a":0,"k":0,"ix":5},"nm":"变换"}],"nm":"椭圆 1","np":3,"cix":2,"bm":0,"ix":1,"mn":"ADBE Vector Group","hd":false}],"ip":-1,"op":98,"st":-1,"bm":0},{"ddd":0,"ind":3,"ty":4,"nm":"外圈","sr":1,"ks":{"o":{"a":0,"k":100,"ix":11},"r":{"a":1,"k":[{"i":{"x":[0.833],"y":[0.833]},"o":{"x":[0.167],"y":[0.167]},"t":0,"s":[0]},{"i":{"x":[0.833],"y":[0.833]},"o":{"x":[0.167],"y":[0.167]},"t":21,"s":[360]},{"i":{"x":[0.833],"y":[0.833]},"o":{"x":[0.167],"y":[0.167]},"t":71,"s":[360]},{"t":92,"s":[720]}],"ix":10},"p":{"a":0,"k":[151.062,140,0],"ix":2},"a":{"a":0,"k":[-19.938,-16,0],"ix":1},"s":{"a":0,"k":[100,100,100],"ix":6}},"ao":0,"shapes":[{"ty":"gr","it":[{"d":1,"ty":"el","s":{"a":0,"k":[48,48],"ix":2},"p":{"a":0,"k":[0,0],"ix":3},"nm":"椭圆路径 1","mn":"ADBE Vector Shape - Ellipse","hd":false},{"ty":"st","c":{"a":0,"k":[0.145098045468,0.509803950787,0.917647063732,1],"ix":3},"o":{"a":0,"k":100,"ix":4},"w":{"a":1,"k":[{"i":{"x":[0.833],"y":[0.833]},"o":{"x":[0.167],"y":[0.167]},"t":21,"s":[4]},{"t":73,"s":[4]}],"ix":5},"lc":2,"lj":1,"ml":4,"bm":0,"nm":"描边 1","mn":"ADBE Vector Graphic - Stroke","hd":false},{"ty":"tr","p":{"a":0,"k":[-20,-16],"ix":2},"a":{"a":0,"k":[0,0],"ix":1},"s":{"a":0,"k":[100,100],"ix":3},"r":{"a":0,"k":0,"ix":6},"o":{"a":0,"k":100,"ix":7},"sk":{"a":0,"k":0,"ix":4},"sa":{"a":0,"k":0,"ix":5},"nm":"变换"}],"nm":"椭圆 1","np":3,"cix":2,"bm":0,"ix":1,"mn":"ADBE Vector Group","hd":false},{"ty":"tm","s":{"a":1,"k":[{"i":{"x":[0.667],"y":[1]},"o":{"x":[0.333],"y":[0]},"t":71,"s":[0]},{"i":{"x":[0.667],"y":[1]},"o":{"x":[0.333],"y":[0]},"t":82,"s":[50]},{"t":92,"s":[100]}],"ix":1},"e":{"a":1,"k":[{"i":{"x":[0.667],"y":[1]},"o":{"x":[0.333],"y":[0]},"t":0,"s":[0]},{"i":{"x":[0.667],"y":[1]},"o":{"x":[0.333],"y":[0]},"t":11,"s":[50]},{"i":{"x":[0.833],"y":[1]},"o":{"x":[0.333],"y":[0]},"t":21,"s":[100]},{"t":71,"s":[100]}],"ix":2},"o":{"a":0,"k":0,"ix":3},"m":1,"ix":2,"nm":"修剪路径 1","mn":"ADBE Vector Filter - Trim","hd":false}],"ip":0,"op":152,"st":0,"bm":0}],"markers":[]}